iid,pid,dec
122,120,1
548,518,1
336,328,0
83,98,0
203,228,0
518,536,1
228,196,1
489,467,1
212,230,0
473,484,1
97,87,1
80,107,0
226,198,0
470,493,0
388,407,0
438,441,0
450,439,1
167,157,1
470,487,0
551,511,0
219,210,0
488,475,1
351,368,0
67,61,0
256,280,0
207,225,0
26,54,0
476,491,0
165,146,1
194,227,1
210,225,1
509,534,0
47,32,1
137,132,1
274,270,0
377,343,0
313,298,0
206,228,0
251,238,0
394,410,1
264,275,0
7,18,0
206,223,1
252,284,0
83,109,0
258,291,0
415,387,1
33,53,0
266,290,0
274,256,0
55,36,1
448,438,1
162,146,0
474,493,0
478,484,0
55,25,1
401,393,0
375,355,0
352,361,0
539,520,0
503,498,0
293,262,0
359,363,0
488,479,1
85,101,0
255,273,0
292,256,1
212,221,1
209,214,0
515,552,1
483,472,0
335,324,1
402,382,1
345,378,1
413,389,1
318,303,1
526,551,1
283,258,1
491,470,1
216,205,1
539,525,0
361,341,0
230,196,1
530,533,0
546,524,1
362,354,1
361,355,0
288,254,0
261,291,1
364,343,0
253,290,0
80,109,1
481,477,0
530,545,1
502,501,1
360,376,0
354,362,1
214,206,0
10,17,1
26,43,0
219,211,1
239,250,1
288,263,1
266,279,0
449,435,1
248,242,1
208,222,0
543,510,0
262,276,0
380,401,1
217,195,1
265,283,0
33,48,1
54,39,0
209,224,0
62,66,0
86,103,0
391,410,1
301,313,1
296,308,0
452,434,1
384,405,0
472,486,0
167,143,0
378,344,0
389,402,0
149,160,1
524,546,1
405,389,1
401,389,1
274,265,0
287,270,1
525,544,0
313,302,0
217,213,1
447,435,0
272,284,0
25,44,0
369,358,1
374,350,0
399,387,0
217,194,0
164,148,0
287,255,1
128,117,1
443,436,1
94,82,1
76,102,0
307,319,0
362,356,0
175,186,0
47,31,1
174,187,1
16,4,1
103,84,0
369,343,0
382,400,1
239,247,0
344,378,0
347,371,1
43,30,0
266,281,0
149,163,0
172,157,1
378,354,0
541,514,0
276,262,0
352,368,1
412,381,1
115,127,1
265,275,0
155,161,1
521,550,1
469,493,1
273,264,0
107,89,0
488,468,1
248,237,0
283,255,1
400,389,1
409,396,0
187,174,1
201,227,0
531,509,1
433,445,0
428,418,1
104,82,1
349,374,0
399,393,0
551,523,0
31,55,1
505,497,0
509,544,1
365,344,1
354,365,1
468,487,0
538,509,1
60,66,1
256,282,1
411,383,1
285,263,1
354,367,0
529,545,0
279,271,0
280,261,1
510,539,0
27,51,0
282,262,1
198,224,0
229,205,0
173,156,1
292,269,0
291,262,1
504,496,1
220,205,1
398,388,0
7,11,0
211,229,0
534,518,1
404,391,1
399,388,1
348,365,1
495,475,1
263,293,0
101,82,1
79,111,0
502,500,1
21,50,0
353,367,0
436,447,0
125,119,1
401,380,0
36,52,0
151,163,0
101,78,0
93,109,0
145,162,0
436,453,0
434,444,0
253,281,1
450,436,0
491,474,0
532,520,1
366,360,0
266,293,0
547,510,0
153,164,1
275,265,1
296,317,1
43,37,0
104,83,1
514,550,1
97,93,1
86,99,1
383,406,0
94,85,0
349,373,1
405,385,0
313,305,0
210,232,0
374,342,0
355,377,0
174,184,1
222,206,0
471,492,0
349,361,0
319,297,1
252,292,1
191,183,0
125,112,1
437,450,0
27,45,0
302,315,1
170,144,0
160,142,0
112,126,1
160,151,1
78,102,0
179,186,0
318,298,1
111,82,0
45,38,1
385,405,0
356,363,0
197,222,0
400,387,1
240,244,1
55,24,1
145,167,0
264,285,0
46,38,1
543,515,0
278,272,0
21,46,0
204,215,0
341,373,0
277,272,0
361,353,0
527,535,0
216,198,1
410,385,1
410,381,0
43,22,0
151,159,0
284,272,0
306,312,1
258,290,0
220,207,1
320,300,0
255,289,0
522,535,0
475,495,0
525,547,1
203,214,0
380,406,1
253,277,1
466,493,0
455,464,1
371,356,0
443,439,0
539,524,1
256,279,1
544,513,1
361,360,0
198,222,0
276,257,0
308,297,1
35,43,0
270,280,1
314,302,0
308,296,1
269,288,1
315,298,1
260,276,1
293,266,0
262,293,0
481,473,0
550,513,1
281,272,1
236,245,0
374,358,0
279,263,0
538,525,0
94,90,0
44,23,1
202,219,0
110,77,0
91,95,0
124,112,1
50,38,1
179,193,0
268,292,1
369,349,0
372,360,0
155,163,0
397,391,1
143,160,0
97,89,1
318,295,0
158,148,1
130,115,0
542,521,0
32,49,0
353,378,0
16,6,1
308,306,0
223,197,1
363,344,0
33,46,0
26,51,0
271,293,1
257,282,0
8,12,1
149,170,0
26,46,0
201,231,0
378,357,1
182,190,0
117,122,1
170,155,1
526,550,0
341,375,1
46,33,0
86,96,0
397,390,0
48,22,0
351,363,1
19,7,1
159,143,0
103,92,0
486,471,0
297,312,0
266,284,1
38,49,1
304,310,0
26,44,0
150,160,0
287,264,1
410,384,0
389,400,1
451,439,1
357,366,0
86,105,1
11,5,0
231,207,0
352,371,1
92,109,1
491,478,1
344,369,1
145,163,1
23,41,0
175,189,1
197,218,0
310,304,1
489,468,1
263,288,1
411,384,0
51,38,0
264,289,0
522,542,0
530,534,1
84,109,0
551,520,0
41,23,0
303,310,0
79,96,0
208,224,1
369,342,1
343,366,1
287,272,1
343,369,0
257,278,0
300,314,0
355,361,0
483,477,0
142,171,1
534,513,1
530,551,0
233,213,1
516,532,0
167,153,0
427,416,0
387,409,1
121,128,1
537,522,0
348,378,1
86,97,1
63,71,0
147,163,1
537,529,0
548,527,0
291,252,1
115,130,0
135,138,1
298,314,0
194,214,1
545,528,1
315,305,1
209,229,0
29,41,0
490,467,1
532,529,1
49,31,1
178,192,0
278,259,1
516,533,0
506,498,0
396,399,0
219,203,1
534,527,0
131,121,0
544,515,0
162,143,0
377,354,0
53,30,0
290,271,0
197,223,0
239,248,1
379,399,0
230,197,1
228,203,1
145,164,1
413,393,0
545,521,1
396,405,1
25,55,0
178,188,0
74,56,0
95,85,0
122,116,1
158,151,1
252,273,1
21,53,0
488,467,1
467,492,1
305,314,1
430,444,0
267,282,0
85,102,0
380,404,1
105,77,1
69,64,0
475,488,0
258,277,1
541,516,1
264,280,1
399,390,0
280,270,1
110,83,0
35,53,1
363,345,1
377,360,0
87,107,1
243,240,0
38,51,0
258,289,1
283,261,1
456,461,0
222,205,1
88,106,0
295,308,0
300,321,0
268,280,0
253,293,1
106,79,1
255,291,0
25,54,0
543,521,0
10,20,1
442,433,1
225,212,0
231,198,0
370,350,0
347,376,1
303,308,0
231,208,1
268,293,1
191,181,1
400,391,1
517,541,0
356,378,0
513,534,0
409,389,1
172,146,0
516,546,0
506,496,1
536,514,0
541,519,1
186,174,0
229,199,0
385,403,0
376,355,0
376,345,0
161,147,0
471,494,0
457,460,1
400,380,0
162,142,0
491,466,1
180,192,1
341,366,1
173,150,1
359,376,0
292,271,0
26,55,0
379,398,0
5,15,0
173,144,0
362,348,0
267,273,0
194,220,0
151,172,0
387,397,0
528,542,0
433,440,0
82,104,0
365,342,0
218,196,0
489,466,1
399,384,0
173,152,0
122,113,0
206,220,1
250,239,0
42,37,0
155,167,0
416,426,1
313,294,0
275,254,1
332,331,0
72,60,0
485,468,1
76,101,0
475,494,0
22,45,1
198,231,0
151,168,0
290,266,1
174,193,1
87,101,0
534,526,1
493,468,0
227,205,0
535,524,1
501,504,1
142,160,1
268,277,1
254,284,0
77,94,1
377,359,0
217,212,1
464,459,1
540,525,0
228,206,1
13,7,1
272,280,0
75,65,1
473,483,0
31,50,1
303,314,0
438,450,1
407,389,0
469,490,0
81,101,0
550,528,0
42,33,0
400,381,0
444,439,0
444,438,0
175,191,1
223,200,1
413,380,0
409,380,1
380,409,1
167,146,0
262,283,0
312,306,0
472,488,0
542,520,0
362,345,0
353,362,1
499,506,0
98,76,1
511,544,1
544,510,0
310,294,0
477,493,1
25,51,0
423,420,1
481,480,1
262,286,0
318,300,1
343,367,1
107,76,1
350,363,0
200,233,0
401,383,0
204,219,0
532,528,1
48,27,1
151,167,0
485,480,1
397,382,1
408,385,1
408,383,0
156,159,0
85,99,1
212,216,0
209,226,0
10,16,0
43,34,0
520,547,0
502,498,1
179,184,0
202,220,0
16,10,0
313,300,0
161,153,0
282,259,1
547,523,0
24,47,0
215,200,1
169,145,0
349,377,0
206,226,1
375,347,0
406,391,1
48,37,0
233,208,1
218,211,0
216,202,1
478,490,0
275,267,1
521,545,1
268,288,1
401,388,0
262,280,0
79,106,0
281,252,1
218,210,0
258,278,0
404,384,1
48,21,0
374,354,0
537,516,0
550,520,1
279,256,1
527,552,0
241,248,1
333,326,0
287,258,1
75,61,1
536,520,0
471,491,1
254,287,0
236,251,0
397,393,1
11,7,0
390,415,1
529,546,0
551,509,1
265,274,0
359,378,0
130,116,0
532,517,0
25,47,0
81,104,1
198,220,0
240,249,0
255,279,0
513,550,1
39,55,0
536,522,0
284,268,1
530,539,1
491,468,0
196,224,0
518,532,0
219,202,0
523,538,1
261,275,1
216,196,0
348,366,1
466,491,0
292,252,0
477,486,0
231,211,0
183,190,0
414,390,1
500,505,0
335,327,1
545,514,0
144,164,0
291,256,1
378,345,0
369,355,1
27,46,1
135,139,1
286,252,0
165,143,0
538,514,0
52,35,1
302,309,0
117,123,0
482,471,0
91,96,0
384,404,1
43,31,1
359,374,0
4,11,0
312,295,0
486,467,0
434,449,0
107,90,0
87,108,0
210,221,0
406,381,0
483,467,0
149,172,1
254,286,0
158,144,1
463,456,1
284,260,0
379,397,0
260,293,1
182,188,0
280,253,0
263,274,1
369,351,1
515,544,0
349,364,0
81,110,0
446,437,0
221,205,1
214,198,0
297,309,1
425,418,1
51,32,0
233,195,1
323,332,1
279,261,0
299,318,0
533,522,0
79,102,0
217,207,1
532,521,1
492,477,0
488,469,0
33,49,0
192,174,0
333,322,0
448,435,1
452,439,1
405,392,1
543,529,0
276,264,1
10,18,0
108,92,0
81,108,1
88,101,0
189,179,0
326,332,1
185,175,0
232,201,0
259,276,0
166,154,1
230,213,1
362,351,1
409,395,0
520,545,1
493,467,0
6,18,0
125,116,1
388,404,0
250,236,0
98,84,1
353,375,0
164,157,1
417,422,1
385,398,1
521,534,1
277,263,0
206,218,1
238,245,1
63,74,0
223,198,0
373,358,0
241,247,0
441,435,1
366,345,1
44,29,1
257,292,0
222,201,0
544,520,0
526,538,1
537,523,0
509,536,1
313,297,1
536,521,0
91,105,1
487,476,0
525,535,1
523,541,1
548,514,0
170,150,1
29,45,1
365,343,1
383,399,0
546,515,0
115,124,0
341,376,0
399,382,0
262,279,0
403,380,0
20,5,0
545,516,0
410,379,1
336,325,0
342,362,1
414,387,1
476,490,0
305,308,0
396,407,1
551,525,0
230,205,1
363,342,1
548,522,0
92,96,0
370,345,0
82,106,0
381,413,1
151,160,0
516,545,0
472,495,0
412,385,0
198,218,0
311,301,1
347,367,0
171,157,1
197,216,0
344,367,1
216,201,1
432,444,1
203,229,0
480,484,0
365,347,0
181,190,1
242,246,1
279,253,0
195,216,0
150,172,0
384,408,0
519,550,0
395,403,0
155,172,0
37,47,0
291,261,1
60,72,0
91,108,0
403,392,0
106,76,0
253,286,0
64,71,1
343,376,0
398,384,1
333,327,1
403,383,1
341,368,1
341,367,1
516,535,1
154,169,1
365,356,1
57,66,0
33,44,0
446,435,0
298,308,0
147,171,0
317,297,0
250,241,1
292,254,0
162,153,0
151,166,0
284,254,0
132,137,0
287,271,1
327,337,0
268,283,0
380,411,1
4,18,0
478,486,0
363,359,1
163,155,0
113,130,1
235,243,1
24,46,1
184,177,0
483,470,0
31,46,0
208,221,0
271,287,0
71,57,1
94,91,1
307,316,1
185,176,0
311,305,0
530,548,0
249,235,1
365,360,0
77,101,0
23,44,1
289,257,1
166,146,0
517,547,0
143,159,0
470,492,0
213,215,0
212,223,0
308,298,1
241,246,0
342,375,1
546,517,1
440,430,0
9,12,1
79,97,1
350,374,0
296,314,0
386,397,1
272,287,0
391,406,0
534,525,0
69,57,0
285,256,1
463,454,0
541,521,1
27,54,0
111,87,0
47,37,0
74,62,1
255,276,0
262,281,0
395,397,0
305,310,1
313,299,0
544,514,1
156,165,0
93,94,0
142,163,1
13,8,1
504,499,1
307,311,1
433,447,0
78,107,1
256,274,0
290,263,1
287,260,1
255,277,0
251,241,0
247,234,1
527,549,0
232,200,1
412,392,1
434,445,0
182,193,0
117,125,1
27,48,0
214,205,1
222,209,0
526,548,1
285,255,1
150,163,0
24,53,1
316,299,1
244,238,1
490,468,1
22,54,0
372,341,0
86,104,1
437,447,1
446,432,1
52,25,1
385,397,0
354,372,1
321,299,0
61,68,0
390,410,1
460,457,0
252,278,0
221,202,1
194,225,0
166,153,0
276,254,0
356,361,0
371,351,0
86,98,0
154,159,0
475,492,1
296,319,1
247,241,1
254,276,1
444,434,0
310,296,0
287,256,1
438,453,0
291,271,1
9,17,1
116,123,1
364,352,1
121,122,1
389,410,1
440,435,0
200,221,0
522,551,0
8,15,1
382,407,1
65,71,0
228,194,0
447,436,0
86,107,1
41,37,0
371,349,1
101,76,1
270,283,0
375,343,0
409,382,0
288,270,0
294,319,0
88,105,0
241,250,1
102,87,1
32,52,0
532,518,1
200,228,0
535,517,1
85,109,0
429,420,1
76,95,0
242,249,0
510,551,0
278,267,0
206,221,1
53,35,1
277,268,1
45,27,1
469,491,1
402,386,0
489,480,1
518,531,0
376,350,0
533,528,0
388,406,0
38,45,0
376,352,0
88,108,0
531,524,1
266,273,0
420,423,0
402,387,1
466,486,0
173,143,0
419,428,1
280,260,1
157,166,0
405,388,0
168,154,1
245,236,1
399,386,0
278,252,1
66,60,1
43,39,0
123,112,1
337,326,1
80,99,1
80,108,1
449,434,1
528,534,0
389,403,0
370,349,0
451,432,1
310,306,0
540,529,0
78,103,1
511,541,1
34,51,0
387,408,1
260,283,0
128,113,1
218,205,1
494,470,1
290,260,0
453,437,0
517,540,0
62,75,0
507,499,0
348,361,1
367,359,0
146,161,0
92,95,0
96,89,1
39,45,0
189,183,0
293,260,0
186,175,1
470,491,1
305,316,0
451,430,1
474,490,0
166,151,0
280,257,0
148,169,1
489,471,1
426,416,1
64,68,0
195,231,0
531,527,0
55,27,1
97,82,0
500,508,0
293,253,0
286,265,1
341,362,0
215,208,1
304,309,0
181,192,0
510,538,1
165,147,1
494,479,0
47,26,1
511,548,1
234,248,0
422,417,1
434,443,0
380,405,1
383,415,0
89,98,0
106,84,1
32,42,0
79,103,0
224,201,0
95,87,0
4,14,1
368,360,0
49,29,1
162,150,0
128,121,0
530,544,1
286,263,1
449,431,0
232,195,1
29,50,1
532,510,0
193,182,0
423,418,0
290,253,0
530,532,0
177,193,0
452,437,0
333,323,1
284,256,1
524,531,1
24,41,0
107,92,1
364,355,1
431,442,1
344,371,1
132,140,1
170,153,1
455,461,0
216,211,1
515,542,0
161,156,0
504,498,1
536,529,0
31,52,0
390,411,1
538,515,0
513,546,1
203,231,0
534,511,1
481,478,1
420,429,0
230,204,0
209,232,0
530,535,1
535,523,0
279,257,0
138,135,0
516,541,1
256,289,1
525,532,0
510,547,0
109,77,1
372,356,0
462,454,1
253,273,0
282,265,1
98,80,1
283,268,1
244,237,0
194,229,1
539,511,0
144,159,0
157,169,1
224,209,0
72,56,1
223,196,0
96,80,0
329,332,0
54,35,1
81,109,0
50,22,0
89,99,1
23,51,0
400,396,0
311,298,0
435,445,0
416,425,0
227,206,0
406,389,1
366,353,0
117,128,0
214,196,1
201,228,0
107,85,1
61,66,0
550,524,1
200,216,0
44,26,1
338,327,1
130,117,0
515,533,0
98,78,1
160,156,1
85,106,0
477,489,1
274,255,0
517,546,0
168,143,0
522,549,1
282,261,1
83,101,0
288,272,0
49,21,0
420,425,0
108,85,0
545,518,1
99,89,1
439,442,0
207,215,0
345,364,1
290,259,0
41,35,0
411,396,0
531,520,1
145,169,0
545,517,0
235,251,0
437,452,0
269,280,0
382,406,1
226,201,0
307,309,0
180,193,0
405,391,1
89,110,0
91,109,1
500,503,0
358,368,0
403,394,0
108,79,1
159,155,1
415,395,1
175,192,0
412,388,0
525,549,0
154,164,0
363,341,1
317,299,0
311,302,0
81,100,0
230,203,1
189,175,0
237,244,1
401,386,0
529,551,1
228,200,0
157,168,0
280,256,1
414,389,1
207,228,0
63,66,1
260,277,1
144,166,0
367,345,0
351,378,0
360,367,1
517,548,1
516,548,0
549,524,1
430,448,0
270,286,0
376,343,0
210,226,1
283,270,1
357,367,0
450,435,0
269,286,0
272,278,0
202,222,0
486,478,1
300,319,1
487,469,1
206,214,0
331,334,1
482,480,0
44,33,1
305,317,0
511,550,0
394,403,0
83,100,0
282,267,1
267,277,0
261,284,0
442,435,1
94,83,1
113,127,1
34,42,0
49,22,0
110,82,0
254,293,0
392,405,0
523,549,1
321,298,0
81,102,0
266,282,0
17,5,0
472,490,0
551,517,0
184,179,1
468,494,1
208,220,1
268,279,1
382,411,0
39,43,1
390,400,1
257,280,0
316,307,1
49,34,1
413,384,0
465,457,0
552,515,1
108,86,1
273,252,0
176,191,1
294,309,0
446,439,1
252,282,0
527,540,0
514,541,0
297,317,1
396,398,1
177,187,0
99,93,0
173,155,1
32,53,0
510,546,1
183,188,0
131,119,0
255,293,0
21,54,0
337,325,1
369,353,1
197,217,1
393,399,1
403,390,0
495,474,1
228,208,1
52,36,1
26,47,0
356,369,0
267,292,0
231,202,0
50,30,0
535,514,0
374,353,0
392,409,1
355,368,0
46,22,0
354,373,1
526,543,0
467,482,1
382,399,1
166,150,0
126,115,0
384,409,1
86,94,0
332,326,0
361,354,0
291,260,1
367,349,1
343,372,1
377,349,1
87,105,0
391,404,0
185,179,1
213,221,0
403,381,1
318,302,0
68,63,0
50,39,0
315,306,1
255,284,0
10,19,1
258,284,1
476,492,1
472,491,1
65,73,0
290,272,0
437,440,1
120,123,0
478,485,0
210,222,0
91,102,0
284,262,0
490,480,1
108,83,0
285,253,1
144,163,0
516,538,1
552,530,0
66,65,1
196,228,0
539,522,1
188,182,0
209,219,0
528,549,0
285,262,1
84,103,0
315,299,1
458,462,1
226,206,0
111,77,0
386,400,1
433,441,0
34,47,0
517,533,0
169,154,1
216,207,1
294,315,0
538,510,1
544,523,1
162,149,1
349,363,0
7,12,0
447,434,1
233,196,1
254,277,1
535,521,1
403,384,1
39,49,0
156,170,0
271,284,0
474,487,0
6,19,1
522,545,1
103,87,1
546,528,0
544,524,0
30,41,0
302,317,0
547,509,0
353,370,1
501,508,0
389,404,1
423,419,0
372,344,0
289,270,0
373,355,0
205,232,0
317,294,1
226,204,0
154,167,0
329,335,1
514,542,0
23,46,1
325,334,1
152,165,1
179,185,0
312,303,1
52,24,0
246,241,1
218,207,1
435,448,1
207,233,0
289,260,0
174,186,1
171,146,1
537,510,0
165,145,0
527,537,0
307,308,0
411,389,1
119,130,1
275,260,1
153,163,1
94,87,0
342,368,1
492,469,1
545,515,0
211,228,0
6,20,1
238,247,0
524,543,1
373,341,0
65,69,0
152,169,1
285,260,1
492,474,1
383,413,1
386,401,1
111,76,0
300,313,1
122,112,1
277,258,1
546,525,0
123,115,0
317,300,0
366,351,0
211,218,0
200,227,0
67,57,0
431,443,0
523,547,1
221,211,1
41,24,0
425,419,0
357,373,0
96,92,0
457,462,0
473,487,0
183,186,0
485,466,1
198,214,0
378,358,0
217,206,0
85,107,1
350,375,0
274,272,1
524,552,1
378,348,0
231,204,0
223,202,1
224,207,1
474,484,0
316,296,1
446,430,1
544,528,0
488,471,0
513,548,0
97,88,0
546,510,1
111,91,0
84,102,0
89,106,0
110,86,1
125,121,0
157,163,0
386,415,0
416,423,1
53,33,0
365,350,1
385,406,1
21,51,0
220,211,1
538,511,0
271,286,0
223,206,1
196,221,0
310,301,1
474,482,0
518,544,0
296,312,0
158,145,1
103,93,0
165,152,1
255,292,0
384,401,1
328,335,1
25,53,0
527,544,0
80,98,0
385,400,1
91,97,1
206,232,1
130,113,0
316,306,0
149,166,1
301,309,1
227,207,1
375,360,1
354,366,1
343,363,0
36,53,1
496,502,0
236,249,0
342,372,0
105,78,0
10,11,0
62,74,1
300,317,1
387,400,1
53,36,0
35,46,1
201,226,1
293,268,1
317,302,0
514,533,1
357,364,0
345,373,0
479,495,0
337,323,1
538,526,0
347,364,1
493,466,0
325,337,1
360,372,0
105,80,1
314,299,0
457,461,0
549,521,1
309,301,1
480,488,1
515,548,0
333,331,0
327,334,0
344,375,1
195,219,0
414,384,1
489,478,1
274,263,1
105,92,1
356,365,0
543,522,0
257,274,0
52,27,1
386,409,0
517,543,0
63,75,0
472,493,1
42,24,0
419,427,1
261,285,0
43,38,0
106,90,0
521,546,0
518,534,0
277,259,1
540,511,0
131,117,0
111,92,0
104,85,0
225,199,0
359,365,0
188,180,1
133,138,0
65,70,0
528,535,0
434,452,0
275,257,1
275,263,1
377,347,0
348,377,1
522,552,1
146,166,0
300,318,0
317,298,0
357,372,0
50,36,0
313,295,0
268,291,0
384,400,1
314,295,0
432,441,1
296,311,0
221,201,1
440,437,0
473,492,1
276,265,0
203,218,0
222,213,0
351,365,1
254,281,0
281,260,0
102,79,0
521,538,1
154,163,1
327,336,0
212,231,1
368,347,0
78,110,0
109,88,0
302,312,1
256,283,0
77,98,1
150,162,0
8,18,1
523,537,0
496,506,0
533,526,0
372,357,0
373,350,1
375,345,0
211,221,0
51,22,0
208,232,0
75,60,1
91,100,0
417,427,0
315,302,0
155,160,0
347,378,0
249,242,1
310,305,0
535,511,1
47,30,0
310,302,0
168,144,1
299,321,0
44,22,1
533,530,0
439,441,1
333,328,0
370,344,0
429,418,1
217,204,0
283,269,1
548,509,1
108,77,0
26,41,0
276,252,1
265,290,0
286,267,0
531,517,0
380,408,1
98,90,1
288,255,0
484,479,1
398,380,0
408,394,0
373,354,0
277,269,0
380,410,1
181,187,0
313,303,1
249,239,0
552,518,0
50,33,0
111,88,0
149,162,0
371,357,0
264,288,1
335,331,0
92,103,0
498,504,0
392,399,0
524,547,1
27,47,0
116,131,0
207,227,1
520,548,0
90,111,0
61,73,0
509,537,1
549,529,0
270,275,0
196,215,1
221,198,0
545,523,0
258,286,0
295,319,0
327,333,0
160,146,0
291,267,1
208,229,1
22,47,0
191,174,0
321,296,0
146,168,0
485,469,1
354,377,0
469,485,1
351,361,0
351,372,1
261,276,1
196,231,0
336,324,1
13,9,1
544,525,0
304,318,0
42,35,0
229,212,0
88,94,0
101,80,1
389,401,1
308,301,0
548,521,1
27,41,0
77,111,0
101,83,1
550,515,0
108,84,1
67,64,0
195,215,1
515,551,0
533,515,0
453,430,0
246,242,1
379,401,0
404,383,1
423,416,1
532,519,1
163,152,0
251,242,1
371,341,1
454,460,1
435,447,0
383,411,0
96,93,1
509,549,0
397,379,1
187,179,1
167,154,1
448,433,0
479,489,0
34,54,0
132,139,0
164,151,1
427,420,0
226,203,0
22,50,1
539,516,1
395,410,1
54,29,0
168,152,1
392,415,0
371,343,0
245,234,1
282,255,0
261,283,0
207,223,0
150,170,0
200,232,0
479,482,1
386,412,1
252,291,1
412,386,1
229,206,0
544,519,0
319,306,0
280,271,1
93,110,0
20,8,1
431,450,0
446,433,1
492,467,1
293,271,1
106,87,0
277,262,0
273,263,0
303,315,0
352,375,1
37,43,0
227,198,0
11,6,0
395,400,1
535,513,1
319,296,1
286,255,0
433,448,0
84,95,0
347,372,1
533,521,0
144,158,0
381,412,0
336,331,0
345,377,0
402,379,1
342,366,1
304,321,0
85,111,0
387,406,0
157,159,0
163,146,0
525,545,0
530,542,1
190,179,1
275,253,1
406,385,1
329,337,0
407,387,1
518,542,0
302,318,0
42,23,0
543,511,0
382,403,0
432,453,1
530,552,1
410,393,0
531,511,0
123,119,0
83,99,1
45,36,1
6,12,1
6,17,1
363,356,0
183,185,0
212,232,0
510,543,0
248,234,0
303,309,0
201,223,0
154,166,1
79,101,0
358,365,0
195,232,0
447,433,0
263,275,0
421,424,0
495,468,0
375,354,0
292,263,1
502,499,1
274,254,0
422,421,0
509,532,0
395,414,0
84,96,0
547,520,0
181,186,1
416,424,1
549,510,1
324,338,1
47,39,1
285,272,1
69,56,1
187,180,1
288,260,0
404,394,1
514,531,0
86,95,0
326,336,1
194,218,1
490,466,1
392,408,0
150,167,1
204,217,1
194,221,1
211,219,1
167,149,1
71,63,0
526,532,0
97,83,1
361,350,1
349,372,1
534,523,0
316,297,1
97,90,0
23,54,0
384,411,1
110,87,1
77,100,0
235,244,0
441,430,1
384,410,1
252,288,0
534,509,1
426,418,0
216,208,1
96,82,1
220,202,1
299,311,1
103,77,0
276,271,1
293,256,0
509,543,0
64,67,1
97,78,0
43,27,1
27,50,1
225,198,0
246,235,1
313,307,0
86,101,0
253,276,1
50,23,0
404,395,0
417,424,1
152,173,0
89,104,1
398,381,0
254,292,0
290,254,0
149,168,0
187,183,0
326,338,1
351,374,1
476,487,0
302,308,0
123,113,0
286,259,0
203,217,0
402,383,1
116,125,1
536,511,0
196,223,0
251,239,0
42,34,0
258,279,1
141,133,1
393,403,1
334,324,0
289,263,1
408,392,0
267,280,0
282,268,1
494,476,1
482,472,1
548,511,1
547,521,0
270,285,0
159,145,1
367,351,0
228,210,1
110,80,0
153,171,1
338,324,0
465,456,1
312,296,0
468,495,0
360,368,1
389,408,1
359,372,0
371,359,0
166,142,0
180,186,0
551,518,1
238,244,1
164,143,0
159,147,0
411,391,0
352,373,1
412,387,1
476,485,1
372,349,1
259,282,0
359,369,1
388,413,0
227,202,0
125,115,1
293,264,0
436,446,0
296,321,1
83,94,0
459,461,0
95,84,0
535,509,1
164,150,1
432,445,1
509,552,1
482,473,0
368,355,0
495,472,1
278,270,0
33,50,1
38,54,0
153,165,0
419,426,0
363,354,1
534,514,1
199,226,1
534,516,1
61,71,1
272,292,0
530,538,1
308,294,1
496,504,0
453,438,1
97,84,1
223,211,0
140,134,0
513,543,0
510,534,0
338,328,1
75,57,1
25,52,0
391,403,0
113,131,0
473,495,1
57,73,1
99,81,1
495,471,0
483,466,0
352,367,1
22,55,1
328,333,1
234,250,1
278,260,0
524,536,1
304,314,0
524,535,1
484,466,1
242,247,0
285,258,1
145,173,1
287,262,1
386,398,1
378,350,1
155,165,0
227,201,0
272,282,0
259,278,0
326,333,1
236,246,0
370,342,0
468,484,0
88,102,0
541,518,1
90,103,0
214,207,1
522,539,1
414,391,1
409,379,0
265,293,0
532,527,1
348,374,1
541,513,0
550,517,0
206,230,1
292,260,0
521,552,1
82,96,0
432,442,1
223,209,0
256,291,0
399,396,0
283,256,1
222,196,1
352,362,0
227,199,1
232,211,1
416,427,0
357,369,0
362,355,1
86,110,1
65,74,0
209,233,0
267,286,0
449,437,0
173,142,1
119,124,0
279,258,0
144,171,0
484,476,1
91,104,1
104,79,1
233,207,1
366,347,0
293,269,1
431,446,0
378,353,0
198,216,0
273,253,0
376,353,0
509,539,0
472,487,0
345,362,0
410,388,0
147,161,1
158,143,1
394,413,0
236,248,1
46,29,0
172,142,1
50,27,1
252,274,1
482,479,0
375,348,0
483,478,0
26,49,0
271,280,0
341,370,0
146,160,0
445,435,0
163,144,0
522,544,1
228,204,0
365,353,0
391,398,0
343,377,0
159,156,0
266,285,0
329,338,0
200,226,0
18,5,0
46,21,0
476,495,0
79,99,0
322,334,0
531,515,0
70,65,0
357,376,1
360,369,1
475,486,1
280,264,1
307,315,0
46,34,1
398,387,1
221,197,1
390,404,1
41,36,0
145,165,0
538,522,0
433,444,0
510,532,0
387,401,0
550,527,0
51,25,0
34,48,0
450,431,0
203,225,0
65,72,0
310,307,1
278,266,1
121,126,1
532,511,0
98,91,1
536,530,0
195,227,0
60,71,0
376,349,0
170,145,1
265,281,1
542,523,0
201,216,0
368,343,0
100,78,1
535,529,0
286,258,1
270,289,1
380,413,1
19,10,1
197,232,1
420,424,1
151,164,0
144,165,0
191,182,0
194,231,1
525,541,0
533,511,0
212,227,1
289,264,1
430,452,0
147,168,0
159,142,1
89,109,0
295,312,0
499,508,1
264,284,1
533,517,0
126,120,1
46,37,0
410,390,0
529,531,1
155,171,0
89,111,0
479,490,0
266,287,0
502,497,1
71,61,1
12,7,1
232,210,1
288,256,1
370,360,0
410,382,0
407,380,0
77,108,1
71,65,1
88,111,0
239,246,0
182,186,0
390,407,1
207,220,0
200,214,0
309,295,0
67,62,1
434,440,0
396,412,1
355,375,1
19,8,1
213,224,0
366,352,0
509,550,1
514,545,0
448,437,1
19,9,1
452,432,1
294,320,0
396,410,1
26,45,0
281,270,1
237,245,1
513,547,0
216,195,1
527,538,0
410,396,0
475,490,0
480,485,0
284,269,0
155,158,0
350,369,0
501,507,1
309,296,0
289,265,0
70,56,1
97,91,1
221,206,1
410,383,0
405,384,0
463,457,0
528,540,0
211,224,0
276,259,1
47,38,1
479,488,0
141,135,1
26,42,0
165,157,1
529,547,1
305,319,0
262,273,1
85,94,0
199,231,0
74,64,1
550,521,1
90,94,0
511,538,0
356,371,0
261,292,0
312,305,0
286,264,0
146,165,0
373,347,0
108,90,0
542,529,0
210,215,1
421,422,1
281,261,0
268,278,0
409,385,1
408,390,0
494,467,0
106,82,0
91,98,0
308,303,0
259,293,0
351,370,1
172,149,1
183,184,1
6,15,0
222,199,1
277,260,1
403,393,1
381,399,0
242,251,1
156,163,1
482,470,1
384,402,0
106,91,1
403,389,1
163,147,0
445,434,0
280,263,1
523,535,1
454,462,0
80,94,0
415,384,1
196,225,0
398,392,1
87,106,0
202,229,1
268,286,0
552,521,0
510,540,1
290,265,0
234,247,0
20,10,0
162,157,0
81,105,0
281,262,1
29,55,1
102,83,1
303,320,0
550,518,1
205,228,0
459,460,0
532,509,1
229,194,0
540,520,0
257,284,0
333,329,0
9,16,1
524,550,1
366,359,1
162,145,0
492,475,1
394,400,1
471,490,0
199,229,0
318,294,1
201,220,0
534,521,1
377,344,1
320,307,0
546,530,0
115,125,1
375,350,1
315,304,0
72,57,0
543,524,0
251,234,0
538,529,0
378,360,0
176,186,1
218,208,1
363,357,0
109,93,1
359,361,1
262,275,0
18,6,0
36,54,0
366,343,0
47,33,1
406,395,1
97,79,0
320,296,0
204,227,0
199,219,1
274,259,0
111,80,0
373,345,1
39,46,0
197,231,1
237,246,0
69,61,0
5,16,1
309,305,1
226,199,1
215,202,0
29,44,1
63,67,1
102,81,1
484,473,1
222,211,1
146,158,0
535,525,0
152,159,0
166,157,1
519,542,0
386,406,0
480,493,1
547,514,0
290,264,0
359,373,0
524,551,1
207,230,0
513,551,0
342,364,0
481,479,1
148,170,0
299,309,0
520,549,1
393,411,1
312,297,0
414,395,1
254,280,0
111,93,0
102,89,0
37,44,1
23,43,1
278,256,1
93,95,1
382,410,1
155,164,0
19,5,1
133,139,0
115,123,0
525,537,1
200,217,1
481,466,0
206,225,1
477,492,1
203,221,0
300,310,0
69,65,0
178,189,1
477,482,1
237,249,0
545,511,0
402,393,0
541,515,1
52,31,1
227,209,0
254,285,0
73,64,0
97,80,0
408,393,0
209,218,0
127,117,1
386,407,1
202,218,0
535,527,0
413,387,0
407,386,0
533,527,0
168,155,1
335,326,0
215,209,0
42,26,1
491,469,1
197,230,0
529,549,0
56,68,0
530,543,1
13,4,1
355,365,0
90,99,1
442,434,1
299,315,0
66,64,0
104,87,0
375,356,1
383,405,0
165,156,0
483,480,0
255,288,0
523,531,1
521,537,1
355,369,0
229,207,1
88,97,0
479,494,0
380,402,0
101,85,1
229,202,0
408,386,0
455,460,1
518,548,1
224,200,1
348,372,1
288,261,0
475,493,1
388,410,0
15,8,1
265,286,0
446,436,1
36,47,0
298,318,0
471,484,0
379,411,1
217,199,1
217,197,1
53,23,1
152,171,0
38,48,1
257,273,0
238,249,0
513,531,0
225,206,1
169,147,1
79,109,0
240,250,1
526,552,1
50,34,1
277,271,0
32,55,0
164,147,0
226,207,1
493,477,0
500,502,0
375,359,0
229,196,0
172,147,1
391,402,0
152,158,0
336,323,0
415,394,1
195,223,0
305,312,1
533,513,1
33,54,0
213,225,0
237,248,1
265,279,0
31,47,0
429,416,1
364,360,1
350,362,0
373,351,1
323,333,1
536,510,1
124,120,0
169,149,0
82,109,1
134,138,1
29,46,1
518,537,1
22,42,0
381,397,0
545,530,0
247,240,1
355,367,0
300,309,1
265,280,1
34,49,1
478,495,0
312,300,0
232,213,1
364,344,1
202,217,1
202,232,0
36,42,0
509,538,1
494,478,0
203,230,0
552,525,0
154,172,1
446,438,1
175,190,1
215,203,0
461,456,1
204,223,0
222,212,1
436,445,0
363,348,1
144,160,0
109,80,1
350,365,0
343,374,1
546,519,0
393,398,1
520,539,0
149,159,0
401,394,0
224,202,1
425,416,1
321,306,0
548,515,0
76,103,0
96,79,1
288,252,0
290,262,0
544,511,0
138,132,1
269,278,0
491,480,0
540,521,0
531,530,0
230,199,1
176,192,1
121,125,1
469,492,1
414,379,1
63,69,1
4,19,1
391,415,0
384,399,1
294,310,0
177,191,1
411,385,0
206,224,1
417,426,0
88,104,0
151,165,0
363,343,0
283,266,1
353,361,0
171,142,1
201,218,0
78,98,0
199,224,0
200,220,0
455,462,0
342,369,0
523,551,1
426,421,0
401,390,0
460,456,1
367,357,0
92,104,0
56,69,1
402,384,1
31,42,0
415,390,1
379,412,0
525,546,1
24,51,0
307,312,1
294,313,0
317,304,1
438,444,0
75,56,1
477,487,0
82,95,0
74,65,0
157,167,0
172,148,1
42,21,0
336,322,0
489,469,1
90,106,1
378,343,0
391,399,0
471,486,0
30,48,0
52,21,0
226,210,0
540,514,1
109,81,1
392,410,1
233,206,1
493,475,0
221,196,1
31,51,0
284,263,0
158,150,1
263,287,0
240,245,0
274,264,1
5,19,1
196,227,0
433,453,0
419,423,0
546,526,0
102,77,0
36,41,0
219,208,1
459,463,0
153,169,1
467,494,1
62,70,0
207,222,0
242,250,1
205,233,0
23,45,1
41,27,1
447,430,0
441,433,0
535,515,1
383,412,1
393,400,0
211,226,1
286,262,0
534,515,1
209,217,0
200,219,0
543,516,1
394,409,0
307,314,0
99,77,1
548,519,0
313,301,0
527,543,0
536,526,0
386,414,0
148,168,0
482,474,1
349,371,1
543,530,0
493,479,0
133,137,0
350,377,0
24,44,0
222,198,0
540,524,0
198,233,0
458,464,1
201,221,0
176,193,1
301,317,1
424,419,0
486,474,1
385,414,1
467,487,1
520,531,0
536,513,0
262,282,0
17,7,0
306,321,0
445,433,1
364,358,1
196,217,1
182,187,0
159,146,0
90,98,0
95,76,0
248,235,1
439,451,0
156,171,0
293,259,0
538,527,0
97,86,1
90,109,1
548,524,1
48,23,0
352,369,1
283,263,0
521,542,0
50,31,1
121,123,1
301,321,1
140,132,1
57,67,0
194,219,1
256,288,0
269,282,0
192,179,1
8,11,1
150,169,1
377,357,1
169,151,1
516,531,0
61,74,0
147,170,0
111,84,0
171,150,1
220,201,1
449,439,1
39,47,1
412,393,0
187,181,0
35,45,1
539,514,0
276,255,0
87,110,0
510,542,0
36,43,0
488,477,1
36,48,0
104,92,1
220,210,1
448,439,1
54,27,1
355,378,0
168,156,0
442,432,1
182,191,1
344,373,1
161,154,1
370,354,0
252,286,0
29,47,0
175,188,1
167,144,0
368,356,1
552,519,0
44,25,1
302,314,0
220,209,1
522,538,1
289,268,1
211,222,0
393,415,0
551,510,1
345,375,1
262,278,0
179,192,0
524,542,1
33,45,0
184,181,0
230,198,1
90,100,1
56,74,0
439,453,0
542,526,1
247,235,1
81,106,0
208,228,0
95,91,1
498,505,0
445,437,0
395,409,1
121,124,0
514,549,0
259,280,0
307,313,1
330,335,0
286,270,1
309,299,0
143,163,1
14,8,1
275,272,1
526,541,0
461,459,1
245,237,0
520,541,1
409,381,1
418,422,0
288,269,1
203,219,0
410,380,0
278,263,1
443,435,0
523,552,1
276,272,0
473,488,1
198,221,0
77,96,0
78,101,0
174,190,1
308,307,1
227,204,0
433,451,0
9,20,1
307,310,0
531,519,0
529,536,0
230,210,1
380,407,1
46,25,1
142,165,0
160,152,0
311,306,0
331,332,0
388,402,0
319,294,1
149,165,0
266,291,1
53,26,1
468,485,0
7,13,0
404,382,1
374,359,0
204,229,0
264,278,0
418,424,0
225,208,1
16,5,0
79,105,1
232,204,1
190,178,0
405,379,0
134,137,1
198,227,0
409,383,0
254,283,0
223,194,1
123,116,0
143,172,1
381,401,1
522,533,1
525,533,0
109,84,1
80,105,1
156,160,1
204,214,0
365,357,1
109,89,0
224,196,0
218,213,1
196,216,0
305,309,1
147,172,1
352,378,0
528,546,0
356,364,0
225,203,1
478,492,0
191,178,0
103,80,0
128,115,1
268,275,0
397,380,0
145,158,0
526,533,0
169,157,1
201,219,0
145,172,1
286,268,1
402,392,0
142,168,1
334,327,1
252,285,0
108,87,0
105,81,1
80,102,1
378,349,0
538,521,1
489,476,0
270,273,1
404,388,1
511,542,1
547,517,1
183,193,0
120,126,0
23,48,0
396,400,1
329,336,1
406,387,1
466,494,0
298,315,0
36,45,0
403,395,1
379,415,0
350,364,0
206,215,1
265,282,0
343,364,0
294,316,1
470,483,0
270,282,1
528,533,0
84,104,0
8,13,1
168,145,1
539,523,0
31,54,0
315,301,0
363,360,0
541,509,0
81,95,0
64,66,1
280,272,0
199,227,0
403,382,0
428,420,1
33,47,0
483,471,0
85,100,0
321,294,0
360,374,0
294,317,0
540,528,0
102,86,1
168,142,1
254,290,0
478,481,0
470,495,1
274,260,0
369,352,1
196,222,0
335,330,1
503,500,1
71,60,0
196,218,0
375,352,0
422,419,1
233,204,1
110,85,1
491,473,0
7,16,0
475,482,1
480,495,0
335,328,0
20,9,0
396,409,0
201,224,0
158,153,1
30,44,0
217,196,0
376,356,0
264,290,0
410,394,0
401,391,0
537,515,0
188,183,0
409,392,0
251,236,0
193,179,1
70,63,0
465,459,1
376,354,0
520,534,0
429,417,0
472,482,1
519,551,0
257,275,0
48,29,0
452,436,1
172,144,0
531,510,0
26,48,0
542,511,1
210,233,0
525,550,0
281,269,1
287,257,1
297,308,1
345,372,1
163,145,0
54,31,1
437,448,1
267,288,0
308,300,0
330,333,1
269,285,0
482,477,0
456,462,0
132,141,0
374,357,1
216,209,1
481,468,1
263,278,0
215,198,0
102,92,1
306,318,0
513,537,1
461,455,0
82,111,0
517,538,1
261,278,0
96,78,0
454,463,0
387,415,0
316,303,0
219,200,1
443,433,0
147,160,1
515,538,0
450,437,0
301,312,0
225,213,1
214,202,1
516,539,0
158,155,1
305,318,0
428,416,1
34,45,0
438,445,1
237,251,0
379,400,1
319,301,0
324,332,1
281,267,0
372,353,0
549,516,1
224,195,0
501,503,0
450,438,1
245,241,1
150,166,0
514,544,0
369,347,0
267,274,0
389,413,1
105,85,1
468,482,1
388,399,1
295,313,1
519,539,0
143,165,1
281,255,0
273,256,0
489,479,1
182,185,0
385,415,0
442,430,1
492,471,1
238,248,1
57,70,1
92,102,0
195,220,0
273,262,0
341,365,0
515,550,0
195,217,1
44,30,1
405,394,0
550,522,0
373,360,0
225,195,1
8,14,1
408,387,1
134,139,0
288,258,0
499,504,1
446,434,1
163,148,0
379,407,1
350,373,1
406,380,1
488,476,1
78,100,0
375,344,0
249,236,0
328,338,0
332,329,0
430,442,0
439,446,1
116,124,0
300,311,0
85,108,0
253,279,1
201,214,0
230,201,1
370,352,0
292,262,0
475,481,0
291,266,1
133,140,0
226,196,0
442,436,1
96,84,1
487,466,1
222,202,1
439,450,0
329,334,0
89,107,0
95,89,0
91,99,1
153,158,0
229,198,0
527,545,0
410,386,0
395,406,1
172,153,0
254,289,0
401,384,0
262,290,0
102,85,0
407,395,0
521,548,1
87,94,0
270,291,0
440,438,0
481,476,0
547,511,0
472,484,0
197,225,0
373,348,0
35,49,1
323,336,0
499,505,0
475,489,1
390,403,1
233,202,1
82,108,1
540,517,0
444,436,0
551,530,0
383,401,1
328,332,0
272,281,0
514,552,1
360,370,0
437,451,0
382,415,0
65,75,0
204,218,0
149,169,1
208,227,1
230,211,1
460,458,0
232,198,0
337,329,1
202,227,0
280,265,0
5,11,0
208,218,0
372,358,1
46,24,0
492,476,0
491,472,0
414,392,1
199,218,1
468,493,1
202,214,0
371,347,0
259,279,0
146,170,0
397,389,1
161,143,0
361,357,0
478,482,0
466,489,0
362,347,0
99,76,0
159,152,0
394,415,0
295,315,0
286,271,1
359,368,0
221,212,1
204,224,0
211,232,0
64,69,1
261,274,0
233,194,1
96,87,0
274,267,0
515,543,0
345,363,0
105,84,1
260,285,1
252,275,0
359,367,1
320,304,0
151,171,0
209,215,0
318,296,1
395,399,0
331,336,0
337,327,1
202,228,0
264,276,0
311,296,0
12,10,0
224,204,0
537,513,1
370,356,0
269,293,0
297,316,1
521,543,1
152,160,0
389,399,0
44,27,1
488,478,1
511,536,0
30,49,1
126,117,0
491,475,0
277,267,0
404,390,1
495,469,1
181,184,1
399,391,0
258,285,0
280,262,0
411,386,0
72,63,0
21,43,0
112,122,1
436,440,1
273,266,1
307,320,0
467,484,0
253,284,1
99,83,1
364,349,1
332,330,0
96,83,0
487,470,1
381,411,0
509,540,1
550,509,0
401,379,0
54,34,1
285,254,1
282,266,1
500,504,0
519,531,0
99,88,0
49,32,1
248,241,1
474,485,0
133,141,0
204,228,0
417,423,0
302,310,0
405,380,0
55,22,0
87,103,0
264,286,0
34,53,0
491,467,1
98,85,1
45,25,1
99,91,1
419,425,0
523,536,1
523,546,1
466,492,0
409,394,0
481,469,0
43,24,0
408,384,1
540,523,0
509,551,0
73,60,0
342,378,1
301,310,0
288,253,0
79,94,0
351,377,0
520,551,0
400,385,0
383,410,0
260,280,1
24,43,0
442,438,1
522,547,1
244,235,1
281,259,0
444,437,0
233,199,1
86,108,1
389,415,0
515,547,0
196,219,1
161,144,0
121,130,1
302,320,0
268,290,1
546,521,0
493,469,1
508,498,1
485,479,1
278,268,1
481,470,0
484,480,1
208,231,1
437,449,0
219,205,1
365,341,1
4,12,0
490,477,1
527,546,0
102,76,1
540,526,0
177,190,1
198,225,0
354,370,1
393,402,0
106,81,0
434,442,0
408,395,0
25,43,0
263,289,1
548,529,0
354,363,0
438,443,0
312,307,1
107,83,1
493,470,0
41,33,1
156,169,1
394,414,0
258,287,0
486,480,0
310,297,1
235,249,0
490,470,1
166,147,1
377,350,0
282,271,1
243,235,1
424,417,0
98,93,1
185,174,0
80,96,0
130,119,1
263,286,0
390,412,1
210,216,0
158,157,1
231,213,0
150,165,1
484,470,1
103,88,0
215,212,1
160,157,1
358,363,0
425,417,0
390,397,1
47,34,1
468,483,1
548,510,1
506,501,0
44,37,1
397,381,0
262,284,0
518,550,1
489,474,1
180,187,0
264,277,1
87,95,0
197,215,0
22,51,0
29,43,0
412,390,0
348,363,1
515,531,1
468,481,0
197,214,0
224,211,1
179,187,0
451,434,1
540,510,1
468,492,1
401,387,0
260,274,0
359,364,0
547,525,0
250,242,1
319,300,1
45,29,1
178,193,1
394,404,1
543,527,0
89,96,0
413,396,0
126,119,1
50,21,0
434,441,0
293,265,0
291,269,1
364,347,0
368,350,1
373,342,0
100,82,0
164,155,0
74,57,0
277,264,0
529,534,1
25,46,0
95,88,1
466,490,0
291,259,1
538,520,0
276,270,1
12,9,1
342,370,1
525,543,0
371,344,0
36,50,0
289,262,1
284,252,0
127,112,1
290,252,0
523,550,0
44,39,1
544,527,0
515,537,0
38,43,0
62,71,0
218,206,1
7,14,1
412,391,1
533,509,0
344,370,1
541,524,0
372,348,0
57,71,1
169,152,0
264,274,1
516,537,1
87,97,0
207,229,0
528,543,0
218,212,0
407,396,0
413,385,0
109,87,1
101,87,0
365,359,0
219,201,0
182,189,0
38,42,0
286,254,0
99,92,1
96,81,1
513,544,0
384,407,1
472,492,1
352,363,1
520,544,1
548,530,0
210,223,0
409,393,0
451,431,1
417,428,1
147,167,0
364,348,0
280,255,1
263,276,0
384,406,0
552,520,0
193,178,0
95,77,0
229,203,0
73,61,0
177,188,0
104,81,1
154,173,1
162,147,1
41,34,1
529,538,0
54,22,0
152,161,1
274,252,1
542,509,0
551,527,0
101,86,1
306,315,1
213,232,0
168,151,1
90,95,1
226,200,0
108,88,1
169,143,0
209,230,0
214,210,1
528,541,0
93,101,0
369,348,0
203,222,0
494,474,1
294,314,0
101,92,1
342,376,1
376,360,0
349,378,0
102,80,1
207,219,1
278,258,0
65,68,0
84,111,0
526,549,1
543,517,0
483,475,0
29,54,0
341,372,0
486,476,0
264,292,0
70,57,0
50,24,1
48,39,0
357,377,0
304,308,0
295,316,0
54,24,1
144,172,0
520,552,0
259,292,0
362,342,0
199,217,1
210,217,0
53,34,1
443,430,1
190,181,1
549,530,0
280,254,0
442,437,1
25,50,0
364,341,1
397,383,1
25,41,0
82,102,0
220,206,1
522,546,1
110,88,0
345,366,1
331,337,0
393,410,0
549,509,0
372,342,0
447,432,0
350,371,0
424,421,1
434,451,0
483,476,0
203,232,0
372,352,0
385,404,1
418,425,0
364,350,0
428,421,1
221,199,1
551,519,0
157,172,0
95,92,1
510,552,1
199,225,1
256,290,0
513,536,0
473,481,0
273,259,0
398,393,1
311,307,0
175,185,0
234,251,1
385,399,0
347,363,1
173,153,0
368,351,1
438,446,1
226,208,1
500,507,1
204,222,0
399,379,0
467,490,1
35,50,1
283,252,1
258,282,1
87,100,0
221,194,1
552,516,1
258,283,1
400,394,0
230,194,0
381,403,0
64,74,0
16,7,1
480,487,0
414,380,1
292,259,0
463,459,0
527,547,0
264,279,1
266,278,0
281,254,1
310,298,0
168,146,0
501,502,0
505,498,1
250,237,1
77,109,0
38,52,0
93,98,0
196,214,1
36,44,0
347,377,0
433,442,1
5,18,1
354,375,1
341,363,0
109,83,1
82,100,1
361,345,0
202,226,1
260,288,1
481,475,1
225,211,1
183,192,1
296,316,1
525,552,0
537,511,0
120,128,1
392,407,0
160,147,1
90,107,1
47,24,1
269,289,1
5,13,0
405,381,0
297,311,0
285,268,1
319,305,0
53,25,1
196,220,0
95,81,1
412,396,0
539,518,0
530,550,0
499,503,0
441,436,0
433,452,0
30,47,0
156,162,0
405,393,0
78,94,0
481,467,1
56,70,1
464,454,0
84,105,1
351,369,1
45,26,1
232,196,0
272,289,0
541,520,0
515,541,0
289,261,0
286,261,1
73,63,0
287,253,0
363,355,1
271,273,0
111,90,0
376,342,0
194,226,1
403,388,0
90,96,0
38,46,0
522,536,0
54,36,0
166,144,1
352,366,1
209,223,0
406,394,0
367,354,0
202,233,1
334,322,0
345,376,0
479,493,1
349,375,1
388,415,0
260,275,0
273,270,0
377,342,0
280,252,0
117,130,0
116,126,0
287,254,1
161,142,0
241,251,0
362,341,1
498,507,0
543,519,0
262,288,0
164,144,0
251,237,0
380,412,0
21,49,1
525,542,0
550,511,0
14,10,1
514,534,0
301,316,0
523,545,1
398,383,1
197,219,0
401,382,0
231,194,0
343,370,1
393,405,1
137,133,0
280,258,1
445,436,1
390,413,1
297,313,0
377,345,0
39,42,1
243,241,1
292,255,0
76,98,0
80,110,0
524,538,1
84,94,0
437,442,1
336,330,0
48,31,1
287,265,1
476,482,0
542,522,1
324,335,1
219,194,0
124,113,1
256,275,0
484,478,1
436,443,0
508,499,1
184,174,1
411,379,0
35,55,0
279,266,1
519,540,0
389,406,0
44,31,1
391,397,0
477,483,1
551,524,0
108,89,0
41,26,1
528,537,0
42,30,0
510,533,1
490,472,0
210,231,0
495,467,1
302,311,1
249,234,1
90,101,0
282,263,1
127,120,1
79,95,0
411,393,0
383,398,0
457,463,1
195,233,1
296,318,0
521,547,1
531,514,0
393,397,1
230,212,1
41,22,0
390,405,1
252,293,0
407,384,1
161,157,0
158,147,1
311,303,1
269,290,0
358,374,0
402,385,0
55,32,0
319,307,1
232,202,1
99,90,0
414,394,1
184,176,1
206,222,1
379,405,1
495,476,0
338,322,0
431,444,1
185,177,0
415,389,1
466,482,0
407,392,1
100,83,0
287,268,1
268,273,1
193,175,1
309,294,0
542,527,0
343,361,1
45,23,1
402,391,1
89,101,0
378,347,0
358,372,0
410,395,0
201,230,1
144,173,0
12,5,0
419,429,1
212,217,1
75,64,1
358,361,0
254,291,0
55,39,0
188,179,0
202,231,0
415,393,1
88,95,0
436,442,0
544,521,1
493,478,1
36,49,1
239,251,0
256,278,0
204,221,0
142,173,1
297,315,0
267,285,0
154,168,0
469,486,0
87,104,0
370,359,0
396,415,0
471,488,0
436,441,1
158,156,1
211,231,0
271,290,1
146,162,0
212,224,1
405,390,0
216,212,1
72,65,0
83,97,0
43,35,1
202,215,0
485,474,1
248,240,1
508,501,1
103,79,0
491,471,0
253,274,1
281,257,1
285,267,1
89,103,0
382,409,1
295,314,0
27,43,0
380,403,1
186,181,1
60,75,0
178,187,0
164,145,0
52,29,0
289,252,0
57,72,1
268,281,0
37,55,1
51,33,0
311,295,0
87,109,0
45,30,1
101,93,1
476,493,0
303,318,0
537,530,0
540,530,0
162,152,0
165,149,1
26,50,0
163,156,1
416,422,1
218,203,1
397,385,1
101,81,1
208,217,1
17,4,1
539,515,1
146,171,0
465,454,1
76,110,1
342,367,1
381,414,1
549,513,0
523,540,0
381,400,0
365,352,0
520,537,1
341,369,0
85,96,0
519,536,0
414,396,1
344,361,1
23,53,0
8,17,1
259,277,1
398,390,0
84,110,0
352,377,0
437,441,1
271,274,0
497,506,0
407,382,0
215,199,1
100,85,0
519,541,0
525,540,0
265,289,0
29,51,1
33,51,0
120,125,1
392,411,0
218,195,1
185,181,1
10,13,1
354,364,1
504,500,1
360,361,0
214,197,1
66,57,0
487,472,1
254,279,1
231,201,0
333,330,1
176,185,0
265,276,0
435,451,0
382,401,0
242,244,1
527,548,0
233,203,1
228,197,0
55,23,0
153,168,1
365,354,1
157,158,0
491,476,0
532,516,0
86,100,1
516,547,0
444,430,0
547,515,0
184,180,1
32,44,0
356,366,0
552,514,0
179,190,1
493,471,0
428,417,0
171,144,1
539,526,0
291,255,1
342,365,0
210,227,0
78,111,0
399,383,0
477,481,0
78,96,0
164,156,0
221,209,0
100,79,0
21,42,1
98,86,1
43,26,1
414,388,1
388,400,0
392,403,0
41,21,0
394,406,0
531,523,0
444,433,0
462,459,1
25,45,0
220,197,1
258,281,0
513,532,0
474,486,1
213,228,0
22,48,1
42,22,0
158,152,1
193,183,0
41,38,0
292,253,1
370,357,1
93,97,1
36,55,0
269,276,0
157,165,0
55,37,0
166,149,1
304,316,0
260,281,0
552,509,1
284,255,1
208,225,0
112,123,0
335,329,0
89,95,0
106,93,1
145,161,1
219,212,1
267,290,0
434,446,0
145,166,0
224,208,1
524,549,1
374,348,0
181,191,1
272,288,0
438,448,0
539,521,0
229,204,0
394,405,0
304,320,0
370,347,0
526,534,1
355,373,1
187,178,0
358,367,0
185,180,1
141,134,1
414,381,1
281,263,1
85,110,0
252,277,0
443,437,0
542,514,0
439,444,1
276,268,1
457,465,1
288,259,0
235,246,0
271,278,0
263,273,1
358,378,0
180,185,0
543,525,0
271,279,1
48,24,0
358,364,0
106,83,1
407,391,0
202,221,0
137,134,1
154,160,0
192,181,0
248,236,0
495,470,1
42,29,0
348,368,1
350,378,0
412,394,0
341,378,0
212,233,1
163,142,0
277,254,0
314,306,1
209,221,0
371,353,0
61,69,1
209,228,0
540,515,1
215,201,0
367,350,1
288,267,0
322,338,0
233,200,1
524,533,1
295,310,1
369,350,1
325,332,1
46,32,1
517,534,0
99,80,0
272,291,0
107,93,1
266,280,0
148,173,0
170,149,1
528,548,0
172,143,0
22,53,1
431,453,0
143,167,0
159,144,1
523,548,1
7,20,1
22,44,1
511,545,0
126,116,0
513,541,0
400,384,1
372,347,0
211,214,0
414,385,1
113,125,1
216,213,1
510,544,0
82,110,0
254,275,0
383,397,1
395,413,1
170,151,1
199,222,0
441,434,1
29,52,1
207,231,0
372,354,1
372,345,0
18,9,0
465,458,0
406,393,1
32,54,0
263,290,1
503,499,0
357,362,0
400,393,0
435,440,1
217,211,1
533,514,0
318,301,0
208,233,1
119,123,1
381,415,0
34,43,0
535,519,1
173,146,0
396,397,1
454,461,0
249,241,1
360,366,1
362,360,0
276,258,1
389,411,0
115,128,1
317,307,1
31,43,0
223,205,1
351,362,1
477,490,0
44,35,1
292,261,0
468,489,0
349,362,1
71,64,0
404,389,1
323,338,0
385,401,0
216,194,0
309,304,0
315,297,0
100,77,0
433,443,1
390,401,1
151,169,0
42,32,0
320,295,0
371,358,0
267,281,0
356,372,0
153,159,1
151,158,0
499,502,0
542,510,0
510,549,1
517,550,0
214,194,0
165,144,0
257,293,0
490,473,0
189,178,0
195,222,0
253,288,1
435,450,1
259,286,0
443,431,0
362,359,1
271,276,0
212,229,1
260,282,1
170,156,1
143,170,0
489,475,1
540,527,0
530,540,1
210,219,1
60,73,1
77,95,0
104,77,0
81,98,0
298,309,1
93,106,0
167,147,0
325,336,1
194,222,0
241,249,0
242,248,1
115,131,0
167,152,1
225,194,0
301,320,0
377,353,0
260,290,1
284,264,0
369,344,1
267,276,0
34,50,0
160,155,0
73,65,0
449,436,1
160,143,0
403,387,1
538,530,0
483,474,0
361,351,0
539,528,0
391,401,1
525,548,0
511,533,1
480,482,1
88,110,0
203,216,0
166,156,1
332,322,0
300,320,0
92,97,1
388,405,0
357,361,0
95,90,0
119,127,1
81,97,0
41,32,0
93,99,1
44,38,1
237,250,1
291,258,1
218,198,0
375,341,0
387,410,0
507,496,0
226,205,0
310,303,0
352,372,1
270,281,1
167,150,1
275,259,0
511,552,1
177,184,1
278,254,0
116,130,1
479,487,0
12,6,0
85,98,0
322,333,1
220,198,0
74,60,0
144,162,1
377,356,0
230,206,1
379,403,0
548,523,0
264,282,1
109,85,1
489,472,0
359,371,0
49,24,1
128,112,1
321,297,0
179,188,0
386,410,1
504,501,1
109,86,1
336,327,1
96,77,0
469,482,0
185,182,1
5,14,1
420,422,1
77,107,1
482,466,0
325,335,1
98,87,1
533,519,1
148,161,0
39,50,1
253,278,0
388,401,0
274,258,0
331,333,1
263,285,0
393,412,0
522,534,0
4,17,0
198,230,0
312,301,0
540,513,1
312,304,0
152,166,0
390,414,1
207,221,0
515,546,0
78,99,1
351,364,1
366,356,0
511,547,0
540,509,0
529,544,1
228,211,1
368,357,1
532,515,0
476,481,0
211,215,0
432,443,1
184,175,0
146,169,0
210,230,0
234,246,0
268,285,0
143,166,1
440,433,0
103,81,1
549,522,1
266,277,0
541,529,0
197,229,0
49,35,1
287,267,1
550,523,0
83,108,0
321,307,0
163,151,1
5,20,1
464,455,0
223,207,1
527,551,0
32,41,0
210,220,0
359,362,1
150,161,0
188,176,0
518,547,1
53,38,0
272,277,1
420,428,0
548,528,1
123,121,0
49,30,1
551,515,1
37,52,1
390,408,1
269,291,1
320,299,0
81,107,0
323,334,1
348,369,1
312,302,0
257,277,0
160,148,1
22,52,0
112,127,1
363,358,1
13,5,1
216,200,1
25,49,0
430,449,0
200,222,0
214,213,1
314,298,0
107,84,0
124,116,1
510,537,0
125,120,1
176,184,1
492,478,1
147,162,0
208,223,0
482,476,0
232,207,1
289,256,1
393,404,0
547,516,0
225,204,1
160,154,1
245,242,0
400,379,1
51,35,0
95,78,0
320,297,0
190,182,1
475,491,1
270,288,1
84,97,0
211,225,0
442,439,1
361,344,0
430,451,0
372,355,1
95,86,1
503,496,1
195,229,1
476,483,0
207,224,0
302,319,0
392,402,0
367,360,0
534,528,1
350,372,0
251,240,0
256,287,0
484,474,1
391,405,0
435,453,0
103,90,0
45,21,1
516,551,1
543,514,0
543,526,0
260,286,0
246,238,1
77,97,1
514,540,0
523,534,1
533,525,0
480,494,1
176,188,0
539,509,0
179,189,0
354,368,1
211,230,1
143,162,0
517,552,0
293,258,0
539,510,1
62,72,0
453,431,1
253,285,1
445,439,1
509,546,1
116,127,1
109,78,1
260,289,1
94,77,1
307,321,0
242,243,1
320,301,0
522,541,0
226,211,0
271,291,0
332,327,1
373,343,0
288,265,0
103,82,0
24,50,0
269,273,0
203,220,0
515,549,0
484,472,1
127,116,1
231,197,1
215,213,0
374,341,0
293,263,0
406,388,1
103,85,0
458,463,1
103,91,1
186,183,0
550,525,0
12,4,0
223,208,1
286,272,1
536,519,0
466,488,0
487,480,0
21,44,0
104,78,0
198,229,0
219,198,0
73,56,0
259,283,0
319,298,0
145,159,0
432,440,1
217,208,1
517,539,0
535,510,1
514,539,1
514,536,1
537,526,0
463,458,0
324,333,1
521,532,0
513,533,1
267,279,0
293,267,0
83,102,0
543,523,0
171,145,1
290,256,1
518,533,0
113,123,0
244,234,0
546,511,0
461,458,0
148,164,0
143,161,1
486,477,0
387,411,1
115,122,0
68,60,0
368,359,0
505,496,1
198,217,0
206,219,1
277,255,0
38,53,0
484,467,1
236,247,0
156,167,0
14,4,1
80,100,0
403,386,1
485,475,1
292,265,0
482,469,1
101,84,1
260,279,0
151,170,0
207,217,0
507,498,1
471,481,0
204,230,0
449,432,0
45,22,1
404,381,1
344,364,1
261,286,0
164,142,0
110,92,1
387,398,1
397,394,1
37,46,1
87,99,1
550,519,0
420,427,0
283,257,1
407,379,0
84,99,1
201,232,0
286,256,1
302,321,0
363,353,0
475,485,0
52,26,1
511,537,1
42,27,1
210,229,1
80,95,0
187,176,0
213,230,0
253,287,0
148,160,0
287,263,0
205,221,1
202,224,0
